"esraa omar",7111d756f5@boxmail.lol,d33fef58bedd39dc1c2d38f16305b10010e9058e

hany,esraa@gmail.com,d2a4d1a7e5308eb33481c6595d7b03f376320b73
"esraa omar",7111d756f5@boxmail.lol,d2a4d1a7e5308eb33481c6595d7b03f376320b73
"esraa omar",7111d756f5@boxmail.lol,46295fcb2eee0ac3b097d6e78562910fe9d7f27b
"esraa omar",7111d756f5@boxmail.lol,46295fcb2eee0ac3b097d6e78562910fe9d7f27b
hady,esraa@gmail.com,54adbc768978d9574b682470bd1f568f5a3f43da
hady,esraa@gmail.com,30531c2885ce61b385dc81d2a375f6bef80607d5
"esraa omar",esraa@gmail.com,f416168b5eb1a5be010bbbc327eabee876de8b05
"esraa omar",esraa@gmail.com,d2a4d1a7e5308eb33481c6595d7b03f376320b73
"esraa omar",esraa@gmail.com,54adbc768978d9574b682470bd1f568f5a3f43da
rana,7111d756f5@boxmail.lol,8aed1322e5450badb078e1fb60a817a1df25a2ca
"esraa omar",esraa@gmail.com,46295fcb2eee0ac3b097d6e78562910fe9d7f27b
"esraa omar",esraa@gmail.com,f416168b5eb1a5be010bbbc327eabee876de8b05
"esraa omar",esraa@gmail.com,46295fcb2eee0ac3b097d6e78562910fe9d7f27b
hoda,hoda@gmail.com,f416168b5eb1a5be010bbbc327eabee876de8b05
rana,7111d756f5@boxmail.lol,750b53094be562c9d38f2fba3f635fc754d32c7c
"esraa omar",7111d756f5@boxmail.lol,e950c1517ee0d7e20454d22c306c4c501a7cf11c
